Name,Korean Name,Rank,AP,Species,Gender,Personality,Hobby,Style 1,Style 2,Sociability,Conversation Type,순위,승률
Admiral,일섭,201,0.2101,Bird,Male,Cranky,Nature,Cool,Cool,2,A,195.0,0.4138
Agent S,2호,151,0.1548,Squirrel,Female,Peppy,Fitness,Active,Simple,3,B,87.0,0.5954
Agnes,아그네스,181,0.1961,Pig,Female,Big Sister,Play,Simple,Elegant,3,A,237.0,0.2827
Al,우락,366,0.2941,Gorilla,Male,Lazy,Fitness,Active,Active,2,B,368.0,0.1779
Alfonso,알베르트,218,0.3676,Alligator,Male,Lazy,Play,Simple,Simple,2,B,174.0,0.2699
Alice,멜버른,131,0.2941,Koala,Female,Normal,Education,Cute,Cute,2,B,132.0,0.4442
Alli,크로크,383,0.3676,Alligator,Female,Snooty,Fashion,Gorgeous,Elegant,2,B,357.0,0.2839
Amelia,안데스,232,0.2941,Eagle,Female,Snooty,Music,Cool,Elegant,2,B,336.0,0.3724
Anabelle,아롱이,396,0.3676,Anteater,Female,Peppy,Fashion,Cute,Simple,3,B,167.0,0.3697
Anchovy,안쵸비,240,0.2101,Bird,Male,Lazy,Play,Simple,Simple,2,B,125.0,0.4898
Angus,반데스,384,0.2941,Cow,Male,Cranky,Fitness,Cool,Cool,1,B,367.0,0.1809
Anicotti,라자냐,402,0.1838,Mouse,Female,Peppy,Fashion,Simple,Elegant,3,B,325.0,0.3124
Ankha,클레오,103,0.1279,Cat,Female,Snooty,Nature,Gorgeous,Simple,2,B,65.0,0.598
Annalisa,설백,354,0.3676,Anteater,Female,Normal,Nature,Elegant,Gorgeous,2,A,264.0,0.3075
Annalise,실부플레,316,0.1961,Horse,Female,Snooty,Fashion,Elegant,Active,2,B,313.0,0.2959
Antonio,퍼머거,197,0.3676,Anteater,Male,Jock,Fitness,Simple,Simple,3,B,91.0,0.5007
Apollo,아폴로,54,0.2941,Eagle,Male,Cranky,Music,Cool,Simple,1,B,40.0,0.6286
Apple,애플,8,0.3268,Hamster,Female,Peppy,Play,Cute,Simple,3,A,2.0,0.8273
Astrid,펑키맘,303,0.3676,Kangaroo,Female,Snooty,Music,Cool,Active,2,B,309.0,0.3136
Audie,모니카,52,0.2674,Wolf,Female,Peppy,Fitness,Cute,Active,3,A,39.0,0.6844
Aurora,오로라,105,0.2101,Penguin,Female,Normal,Education,Cute,Elegant,2,B,37.0,0.6385
Ava,에바,344,0.3268,Chicken,Female,Normal,Music,Elegant,Cute,2,B,232.0,0.3449
Avery,쿠스케처,346,0.2941,Eagle,Male,Cranky,Music,Simple,Gorgeous,1,B,346.0,0.3449
Axel,엑스엘리,269,0.2451,Elephant,Male,Jock,Fitness,Active,Simple,3,B,294.0,0.4334
Baabara,트로와,292,0.2101,Sheep,Female,Snooty,Fashion,Gorgeous,Elegant,2,B,358.0,0.2701
Bam,록키,156,0.2451,Deer,Male,Jock,Play,Active,Simple,3,A,203.0,0.4151
Bangle,루주,316,0.4202,Tiger,Female,Peppy,Fashion,Gorgeous,Cute,3,B,346.0,0.3738
Barold,곰시,249,0.173,Cub,Male,Lazy,Play,Simple,Cool,2,A,212.0,0.2853
Bea,베이글,170,0.173,Dog,Female,Normal,Nature,Simple,Cool,2,A,116.0,0.5233
Beardo,베어드,265,0.1961,Bear,Male,Smug,Education,Elegant,Elegant,2,A,271.0,0.2473
Beau,피터,12,0.2451,Deer,Male,Lazy,Nature,Simple,Cute,2,A,20.0,0.7022
Becky,아리아,391,0.3268,Chicken,Female,Snooty,Music,Gorgeous,Elegant,2,B,255.0,0.3891
Bella,이자벨,184,0.1838,Mouse,Female,Peppy,Music,Cool,Active,3,B,142.0,0.4618
Benedict,페니실린,296,0.3268,Chicken,Male,Lazy,Play,Simple,Simple,2,B,263.0,0.3173
Benjamin,땡칠이,129,0.173,Dog,Male,Lazy,Nature,Simple,Simple,2,A,268.0,0.2682
Bertha,베티,375,0.4202,Hippo,Female,Normal,Education,Cute,Elegant,2,B,348.0,0.3362
Bettina,마르카,208,0.1838,Mouse,Female,Normal,Education,Simple,Elegant,2,B,339.0,0.469
Bianca,백희,202,0.4202,Tiger,Female,Peppy,Play,Cute,Cute,3,A,177.0,0.4969
Biff,가브리엘,332,0.4202,Hippo,Male,Jock,Fitness,Gorgeous,Active,3,B,283.0,0.2903
Big Top,3호,220,0.2451,Elephant,Male,Lazy,Play,Simple,Active,2,B,154.0,0.4987
Bill,코코아,45,0.173,Duck,Male,Jock,Play,Active,Active,3,A,30.0,0.6926
Billy,힘드러,200,0.3676,Goat,Male,Jock,Play,Simple,Active,3,A,136.0,0.4504
Biskit,로빈,239,0.173,Dog,Male,Lazy,Play,Gorgeous,Simple,2,B,320.0,0.4034
Bitty,비티,352,0.4202,Hippo,Female,Snooty,Education,Cute,Elegant,1,A,360.0,0.2649
Blaire,실루엣,132,0.1548,Squirrel,Female,Snooty,Fashion,Gorgeous,Elegant,2,B,79.0,0.6026
Blanche,신옥,76,0.2674,Ostrich,Female,Snooty,Nature,Elegant,Gorgeous,1,A,64.0,0.6308
Bluebear,글루민,30,0.173,Cub,Female,Peppy,Fashion,Cute,Simple,3,B,22.0,0.7038
Bob,히죽,108,0.1279,Cat,Male,Lazy,Play,Simple,Cute,2,B,27.0,0.6698
Bonbon,미미,179,0.1337,Rabbit,Female,Peppy,Play,Cute,Elegant,3,A,146.0,0.528
Bones,토미,100,0.173,Dog,Male,Lazy,Play,Simple,Cute,2,B,129.0,0.5131
Boomer,팽기,293,0.2101,Penguin,Male,Lazy,Fitness,Simple,Cool,2,B,148.0,0.4412
Boone,만복이,298,0.2941,Gorilla,Male,Jock,Fitness,Elegant,Cool,3,B,275.0,0.1757
Boots,풍작,358,0.3676,Alligator,Male,Jock,Play,Gorgeous,Active,3,A,198.0,0.2398
Boris,보리,316,0.1961,Pig,Male,Cranky,Nature,Cool,Gorgeous,2,A,270.0,0.2508
Boyd,보이드,363,0.2941,Gorilla,Male,Cranky,Fitness,Simple,Cool,2,A,389.0,0.1851
Bree,사라,70,0.1838,Mouse,Female,Snooty,Fashion,Elegant,Gorgeous,2,B,48.0,0.6293
Broccolo,브로콜리,104,0.1838,Mouse,Male,Lazy,Play,Simple,Cute,2,B,45.0,0.6274
Broffina,히킨,410,0.3268,Chicken,Female,Snooty,Music,Gorgeous,Elegant,1,A,383.0,0.2542
Bruce,브루스,115,0.2451,Deer,Male,Cranky,Nature,Cool,Simple,2,A,199.0,0.4675
Bubbles,차코,375,0.4202,Hippo,Female,Peppy,Fashion,Active,Cute,3,B,380.0,0.2771
Buck,바야시코프,340,0.1961,Horse,Male,Jock,Fitness,Active,Simple,3,B,314.0,0.2943
Bud,선글,274,0.4202,Lion,Male,Jock,Fitness,Active,Simple,3,B,213.0,0.2734
Bunnie,릴리안,57,0.1337,Rabbit,Female,Peppy,Fashion,Cute,Cute,3,B,17.0,0.7177
Butch,존,110,0.173,Dog,Male,Cranky,Music,Cool,Simple,1,B,109.0,0.5648
Buzz,근엄,276,0.2941,Eagle,Male,Cranky,Nature,Simple,Active,2,A,304.0,0.3654
Cally,파슬리,149,0.1548,Squirrel,Female,Normal,Nature,Cute,Elegant,2,B,151.0,0.5504
Camofrog,충성,275,0.1634,Frog,Male,Cranky,Music,Cool,Active,1,B,149.0,0.4092
Canberra,캔버라,187,0.2941,Koala,Female,Big Sister,Play,Active,Cool,3,A,306.0,0.3552
Candi,사탕,285,0.1838,Mouse,Female,Peppy,Play,Simple,Cute,3,A,292.0,0.4513
Carmen,초코,146,0.1337,Rabbit,Female,Peppy,Fashion,Elegant,Cute,3,B,71.0,0.6499
Caroline,캐롤라인,142,0.1548,Squirrel,Female,Normal,Music,Cute,Gorgeous,2,B,175.0,0.5355
Carrie,마미,372,0.3676,Kangaroo,Female,Normal,Nature,Cute,Cute,2,A,299.0,0.398
Cashmere,캐시미어,394,0.2101,Sheep,Female,Snooty,Fashion,Gorgeous,Elegant,1,A,335.0,0.1637
Celia,티파니,293,0.2941,Eagle,Female,Normal,Nature,Elegant,Cute,2,A,160.0,0.4684
Cesar,앨런,305,0.2941,Gorilla,Male,Cranky,Fitness,Cool,Elegant,1,B,241.0,0.1881
Chadder,치즈,141,0.1838,Mouse,Male,Smug,Fitness,Elegant,Gorgeous,2,A,82.0,0.5525
Charlise,챠미,215,0.1961,Bear,Female,Big Sister,Fitness,Active,Cute,2,B,296.0,0.418
Cheri,아세로라,85,0.173,Cub,Female,Peppy,Fashion,Simple,Cute,3,B,47.0,0.6606
Cherry,한나,136,0.173,Dog,Female,Big Sister,Music,Cool,Elegant,3,A,247.0,0.429
Chester,팬타,75,0.173,Cub,Male,Lazy,Play,Simple,Simple,2,B,186.0,0.5247
Chevre,윤이,251,0.3676,Goat,Female,Normal,Education,Cute,Elegant,2,B,131.0,0.5028
Chief,대장,34,0.2674,Wolf,Male,Cranky,Music,Cool,Simple,1,B,73.0,0.6432
Chops,돈후앙,390,0.1961,Pig,Male,Smug,Education,Gorgeous,Elegant,2,A,317.0,0.194
Chow,츄양,385,0.1961,Bear,Male,Cranky,Fitness,Cool,Gorgeous,1,B,385.0,0.194
Chrissy,크리스틴,31,0.1337,Rabbit,Female,Peppy,Fashion,Cute,Cute,3,B,44.0,0.6752
Claude,비니거,314,0.1337,Rabbit,Male,Lazy,Nature,Simple,Simple,2,A,341.0,0.4303
Claudia,신디,410,0.4202,Tiger,Female,Snooty,Music,Gorgeous,Elegant,1,A,382.0,0.2561
Clay,햄둥,217,0.3268,Hamster,Male,Lazy,Nature,Elegant,Simple,2,A,94.0,0.3825
Cleo,아이소토프,357,0.1961,Horse,Female,Snooty,Education,Cute,Elegant,1,A,298.0,0.4033
Clyde,마철이,396,0.1961,Horse,Male,Lazy,Play,Simple,Cute,2,B,359.0,0.2663
Coach,철소,353,0.2941,Cow,Male,Jock,Fitness,Active,Active,3,A,332.0,0.2035
Cobb,박사,405,0.1961,Pig,Male,Jock,Education,Simple,Active,3,B,238.0,0.2648
Coco,이요,225,0.1337,Rabbit,Female,Normal,Education,Simple,Cute,2,B,35.0,0.6374
Cole,아마민,147,0.1337,Rabbit,Male,Lazy,Nature,Simple,Cute,2,A,145.0,0.5317
Colton,안소니,140,0.1961,Horse,Male,Smug,Nature,Gorgeous,Elegant,2,A,305.0,0.3633
Cookie,베리,148,0.173,Dog,Female,Peppy,Fashion,Cute,Cute,3,B,76.0,0.6143
Cousteau,왕서방,354,0.1634,Frog,Male,Jock,Fitness,Elegant,Gorgeous,3,B,277.0,0.3691
Cranston,타키,282,0.2674,Ostrich,Male,Lazy,Nature,Simple,Cool,2,A,189.0,0.4202
Croque,투투,371,0.1634,Frog,Male,Cranky,Nature,Elegant,Cool,2,A,331.0,0.252
Cube,빙수,153,0.2101,Penguin,Male,Lazy,Play,Simple,Cute,2,B,89.0,0.5657
Curlos,카를로스,338,0.2101,Sheep,Male,Smug,Nature,Active,Gorgeous,3,B,262.0,0.3237
Curly,햄까스,224,0.1961,Pig,Male,Jock,Fitness,Simple,Active,3,B,229.0,0.3785
Curt,뚝심,162,0.1961,Bear,Male,Cranky,Nature,Cool,Cool,2,A,204.0,0.4119
Cyd,펑크스,127,0.2451,Elephant,Male,Cranky,Music,Cool,Active,2,A,133.0,0.4224
Cyrano,사지마,309,0.3676,Anteater,Male,Cranky,Education,Cool,Active,1,B,329.0,0.2553
Daisy,바닐라,62,0.173,Dog,Female,Normal,Education,Simple,Cute,2,B,18.0,0.7231
Deena,마리모,183,0.173,Duck,Female,Normal,Education,Simple,Cute,2,B,53.0,0.6166
Deirdre,나디아,84,0.2451,Deer,Female,Big Sister,Play,Simple,Simple,3,A,252.0,0.4081
Del,파도맨,234,0.3676,Alligator,Male,Cranky,Fitness,Cool,Simple,1,B,316.0,0.2503
Deli,델리,214,0.3268,Monkey,Male,Lazy,Nature,Gorgeous,Elegant,2,A,155.0,0.4498
Derwin,봉,272,0.173,Duck,Male,Lazy,Play,Simple,Elegant,2,B,248.0,0.4251
Diana,나탈리,14,0.2451,Deer,Female,Snooty,Education,Elegant,Gorgeous,1,A,24.0,0.7063
Diva,아이다,116,0.1634,Frog,Female,Big Sister,Fitness,Gorgeous,Elegant,3,A,143.0,0.3425
Dizzy,휴지,71,0.2451,Elephant,Male,Lazy,Play,Simple,Simple,2,B,61.0,0.6185
Dobie,켄,74,0.2674,Wolf,Male,Cranky,Nature,Simple,Cool,2,A,66.0,0.5084
Doc,토니,282,0.1337,Rabbit,Male,Lazy,Education,Simple,Elegant,2,B,178.0,0.494
Dom,차둘,37,0.2101,Sheep,Male,Jock,Play,Active,Cute,3,A,29.0,0.6775
Dora,티미,176,0.1838,Mouse,Female,Normal,Education,Simple,Elegant,2,B,58.0,0.6433
Dotty,서머,50,0.1337,Rabbit,Female,Peppy,Fashion,Simple,Cute,3,B,21.0,0.7249
Drago,용남이,254,0.3676,Alligator,Male,Lazy,Nature,Elegant,Gorgeous,2,A,137.0,0.3701
Drake,푸아그라,313,0.173,Duck,Male,Lazy,Play,Cool,Simple,2,B,227.0,0.4249
Drift,덕,324,0.1634,Frog,Male,Jock,Fitness,Simple,Active,3,B,322.0,0.3409
Ed,꺼벙,369,0.1961,Horse,Male,Smug,Nature,Gorgeous,Elegant,3,B,384.0,0.2383
Egbert,김희,410,0.3268,Chicken,Male,Lazy,Play,Simple,Simple,2,B,234.0,0.304
Elise,몽자,298,0.3268,Monkey,Female,Snooty,Fashion,Elegant,Gorgeous,2,B,166.0,0.3229
Ellie,에끌레르,169,0.2451,Elephant,Female,Normal,Nature,Simple,Cute,2,A,138.0,0.5859
Elmer,샤브렌,351,0.1961,Horse,Male,Lazy,Play,Simple,Cool,2,B,355.0,0.2991
Eloise,엘레핀,192,0.2451,Elephant,Female,Snooty,Fashion,Elegant,Simple,2,B,103.0,0.6039
Elvis,킹,152,0.4202,Lion,Male,Cranky,Education,Gorgeous,Elegant,1,B,258.0,0.3509
Erik,자끄,118,0.2451,Deer,Male,Lazy,Nature,Simple,Simple,2,A,117.0,0.4996
Eugene,코알,220,0.2941,Koala,Male,Smug,Music,Cool,Gorgeous,2,A,171.0,0.4105
Eunice,곱슬이,247,0.2101,Sheep,Female,Normal,Fashion,Simple,Elegant,2,B,135.0,0.511
Fang,시베리아,5,0.2674,Wolf,Male,Cranky,Education,Simple,Cool,1,B,11.0,0.7423
Fauna,솔미,41,0.2451,Deer,Female,Normal,Nature,Simple,Cute,2,A,33.0,0.6948
Felicity,예링,60,0.1279,Cat,Female,Peppy,Fashion,Cute,Cute,3,B,38.0,0.6776
Filbert,리키,73,0.1548,Squirrel,Male,Lazy,Nature,Simple,Cute,2,A,57.0,0.6563
Flip,원승,321,0.3268,Monkey,Male,Jock,Music,Active,Simple,3,A,157.0,0.3923
Flo,레이라,304,0.2101,Penguin,Female,Big Sister,Music,Cool,Gorgeous,3,A,269.0,0.2668
Flora,플라라,133,0.2674,Ostrich,Female,Peppy,Play,Cute,Active,3,A,42.0,0.6447
Flurry,뽀야미,9,0.3268,Hamster,Female,Normal,Nature,Elegant,Cute,2,A,4.0,0.8082
Francine,프랑소와,29,0.1337,Rabbit,Female,Snooty,Fashion,Elegant,Gorgeous,2,B,59.0,0.6515
Frank,헐크,377,0.2941,Eagle,Male,Cranky,Education,Gorgeous,Cool,1,B,361.0,0.2576
Freckles,다랑어,228,0.173,Duck,Female,Peppy,Fashion,Simple,Cute,3,B,113.0,0.4627
Freya,산드라,89,0.2674,Wolf,Female,Snooty,Fashion,Elegant,Cool,2,B,162.0,0.5761
Friga,사브리나,280,0.2101,Penguin,Female,Snooty,Fashion,Elegant,Gorgeous,2,B,218.0,0.4854
Frita,웬디,120,0.2101,Sheep,Female,Big Sister,Music,Active,Cute,3,A,183.0,0.4018
Frobert,구리구리,328,0.1634,Frog,Male,Jock,Fitness,Active,Simple,3,B,209.0,0.3824
Fuchsia,제시카,48,0.2451,Deer,Female,Big Sister,Music,Cool,Cool,3,A,188.0,0.4615
Gabi,패티카,297,0.1337,Rabbit,Female,Peppy,Fashion,Cute,Gorgeous,3,B,226.0,0.4259
Gala,꽃지,109,0.1961,Pig,Female,Normal,Education,Cute,Elegant,2,B,78.0,0.5807
Gaston,대길,119,0.1337,Rabbit,Male,Cranky,Education,Simple,Gorgeous,1,B,52.0,0.5685
Gayle,앨리,196,0.3676,Alligator,Female,Normal,Nature,Cute,Cute,2,A,112.0,0.4651
Genji,토시,69,0.1337,Rabbit,Male,Jock,Fitness,Elegant,Simple,3,B,93.0,0.5545
Gigi,린다,298,0.1634,Frog,Female,Snooty,Fashion,Gorgeous,Elegant,2,B,173.0,0.2967
Gladys,빅토리아,166,0.2674,Ostrich,Female,Normal,Education,Elegant,Cute,2,B,84.0,0.6144
Gloria,마릴린,229,0.173,Duck,Female,Snooty,Fashion,Gorgeous,Elegant,2,B,300.0,0.3816
Goldie,카라멜,81,0.173,Dog,Female,Normal,Nature,Simple,Cute,2,B,32.0,0.6823
Gonzo,근성,243,0.2941,Koala,Male,Cranky,Nature,Simple,Cool,2,A,180.0,0.4605
Goose,건태,193,0.3268,Chicken,Male,Jock,Fitness,Simple,Active,3,B,120.0,0.4983
Graham,글라햄,182,0.3268,Hamster,Male,Smug,Education,Simple,Cool,2,A,75.0,0.5301
Greta,복자,194,0.1838,Mouse,Female,Snooty,Education,Elegant,Simple,1,A,161.0,0.3543
Grizzly,무뚝,234,0.1961,Bear,Male,Cranky,Education,Cool,Simple,1,B,257.0,0.3589
Groucho,거무틱,302,0.1961,Bear,Male,Cranky,Music,Cool,Simple,1,B,260.0,0.3387
Gruff,빌리,367,0.3676,Goat,Male,Cranky,Music,Cool,Gorgeous,1,B,369.0,0.1747
Gwen,폴라,241,0.2101,Penguin,Female,Snooty,Fashion,Gorgeous,Elegant,2,B,244.0,0.4538
Hamlet,햄스틴,68,0.3268,Hamster,Male,Jock,Play,Simple,Active,3,A,85.0,0.6059
Hamphrey,햄쥐,117,0.3268,Hamster,Male,Cranky,Nature,Cool,Simple,2,A,77.0,0.5849
Hans,스나일,340,0.2941,Gorilla,Male,Smug,Fitness,Elegant,Gorgeous,2,A,385.0,0.2372
Harry,올리버,410,0.4202,Hippo,Male,Cranky,Education,Cool,Simple,1,B,391.0,0.1439
Hazel,아이리스,56,0.1548,Squirrel,Female,Big Sister,Play,Active,Cute,3,A,105.0,0.5347
Henry,헨리,173,0.1634,Frog,Male,Smug,Music,Cool,Simple,2,A,176.0,0.515
Hippeux,데이빗,404,0.4202,Hippo,Male,Smug,Education,Elegant,Gorgeous,2,A,276.0,0.1549
Hopkins,홉킨스,248,0.1337,Rabbit,Male,Lazy,Nature,Simple,Active,2,A,192.0,0.5174
Hopper,달만이,218,0.2101,Penguin,Male,Cranky,Music,Cool,Simple,1,B,218.0,0.5174
Hornsby,뿌람,332,0.4202,Rhino,Male,Lazy,Nature,Simple,Simple,2,A,124.0,0.5001
Huck,스트로,334,0.1634,Frog,Male,Smug,Fitness,Simple,Cool,2,A,170.0,0.4994
Hugh,먹고파,379,0.1961,Pig,Male,Lazy,Play,Simple,Active,2,B,230.0,0.3664
Iggly,김말이,145,0.2101,Penguin,Male,Jock,Fitness,Active,Simple,3,B,126.0,0.4552
Ike,대공,370,0.1961,Bear,Male,Cranky,Nature,Cool,Cool,2,A,378.0,0.2894
Jacob,야곱,208,0.2101,Bird,Male,Lazy,Nature,Simple,Simple,2,A,69.0,0.573
Jacques,쪼끼,258,0.2101,Bird,Male,Smug,Music,Cool,Simple,2,A,303.0,0.374
Jambette,에스메랄다,387,0.1634,Frog,Female,Normal,Fashion,Cool,Cool,2,B,217.0,0.2183
Jay,참돌이,225,0.2101,Bird,Male,Jock,Fitness,Active,Active,3,B,141.0,0.5414
Jeremiah,드리미,188,0.1634,Frog,Male,Lazy,Play,Simple,Simple,2,B,115.0,0.5256
Jitters,딩요,405,0.2101,Bird,Male,Jock,Fitness,Active,Active,3,B,236.0,0.295
Joey,리처드,47,0.173,Duck,Male,Lazy,Play,Simple,Simple,2,B,8.0,0.7672
Judy,미애,7,0.173,Cub,Female,Snooty,Music,Cute,Elegant,1,A,6.0,0.778
Julia,줄리아,233,0.2674,Ostrich,Female,Snooty,Education,Elegant,Gorgeous,1,A,108.0,0.5287
Julian,유니오,99,0.1961,Horse,Male,Smug,Music,Gorgeous,Cool,2,A,249.0,0.4249
June,메이,65,0.173,Cub,Female,Normal,Nature,Cute,Simple,2,A,65.0,0.4249
Kabuki,가북희,164,0.1279,Cat,Male,Cranky,Music,Simple,Simple,1,B,312.0,0.3018
Katt,쵸이,95,0.1279,Cat,Female,Big Sister,Music,Cool,Cool,3,A,98.0,0.4752
Keaton,프랭크,343,0.2941,Eagle,Male,Smug,Music,Gorgeous,Cool,2,A,328.0,0.2613
Ken,오골,195,0.3268,Chicken,Male,Smug,Education,Cool,Simple,2,A,215.0,0.4449
Ketchup,케첩,86,0.173,Duck,Female,Peppy,Play,Cute,Cute,3,A,19.0,0.693
Kevin,멧지,334,0.1961,Pig,Male,Jock,Play,Active,Simple,3,A,196.0,0.3763
Kid Cat,1호,49,0.1279,Cat,Male,Jock,Fitness,Active,Simple,3,B,25.0,0.693
Kidd,염두리,256,0.3676,Goat,Male,Smug,Education,Elegant,Cool,3,B,372.0,0.4033
Kiki,캐비어,154,0.1279,Cat,Female,Normal,Education,Simple,Simple,2,B,285.0,0.5015
Kitt,애플리케,284,0.3676,Kangaroo,Female,Normal,Education,Elegant,Simple,2,B,311.0,0.3055
Kitty,쇼콜라,210,0.1279,Cat,Female,Snooty,Fashion,Elegant,Gorgeous,2,B,224.0,0.4393
Klaus,곰도로스,305,0.1961,Bear,Male,Smug,Education,Simple,Simple,2,A,266.0,0.283
Knox,금끼오,212,0.3268,Chicken,Male,Cranky,Education,Elegant,Gorgeous,1,B,197.0,0.3108
Kody,아이다호,191,0.173,Cub,Male,Jock,Fitness,Active,Simple,3,B,245.0,0.4503
Kyle,리카르도,91,0.2674,Wolf,Male,Smug,Music,Gorgeous,Cool,2,A,352.0,0.3095
Leonardo,범호,238,0.4202,Tiger,Male,Jock,Fitness,Active,Gorgeous,3,B,374.0,0.3223
Leopold,티처,373,0.4202,Lion,Male,Smug,Education,Elegant,Gorgeous,2,A,326.0,0.2717
Lily,레이니,59,0.1634,Frog,Female,Normal,Education,Cute,Simple,2,B,28.0,0.6845
Limberg,단무지,337,0.1838,Mouse,Male,Cranky,Education,Simple,Cool,1,B,214.0,0.2194
Lionel,라이오넬,261,0.4202,Lion,Male,Smug,Music,Gorgeous,Active,2,A,362.0,0.249
Lobo,늑태,83,0.2674,Wolf,Male,Cranky,Education,Cool,Active,1,B,219.0,0.4793
Lolly,사이다,10,0.1279,Cat,Female,Normal,Music,Simple,Simple,2,B,7.0,0.7884
Lopez,톰슨,102,0.2451,Deer,Male,Smug,Education,Gorgeous,Gorgeous,2,A,290.0,0.4591
Louie,머슬,223,0.2941,Gorilla,Male,Jock,Fitness,Active,Simple,3,A,165.0,0.3256
Lucha,마스카라스,344,0.2101,Bird,Male,Smug,Fitness,Active,Cool,2,A,282.0,0.3084
Lucky,럭키,101,0.173,Dog,Male,Lazy,Play,Simple,Simple,2,B,119.0,0.5162
Lucy,루시,271,0.1961,Pig,Female,Normal,Music,Cute,Elegant,2,B,221.0,0.4653
Lyman,오즈먼드,254,0.2941,Koala,Male,Jock,Play,Simple,Active,3,A,147.0,0.4912
Mac,챔프,222,0.173,Dog,Male,Jock,Fitness,Active,Cool,3,B,375.0,0.3084
Maddie,마롱,178,0.173,Dog,Female,Peppy,Play,Simple,Cute,3,A,144.0,0.5736
Maelle,앤,180,0.173,Duck,Female,Snooty,Fashion,Cool,Simple,2,B,152.0,0.5308
Maggie,마가렛,368,0.1961,Pig,Female,Normal,Nature,Cute,Elegant,2,A,344.0,0.4038
Mallary,스미모,227,0.173,Duck,Female,Snooty,Fashion,Cool,Gorgeous,2,B,185.0,0.527
Maple,메이첼,39,0.173,Cub,Female,Normal,Education,Simple,Cute,2,B,14.0,0.7398
Marcel,에드워드,311,0.173,Dog,Male,Lazy,Play,Simple,Cool,2,B,386.0,0.2347
Marcie,마리아,277,0.3676,Kangaroo,Female,Normal,Nature,Cute,Elegant,2,A,202.0,0.4235
Margie,샐리,143,0.2451,Elephant,Female,Normal,Education,Elegant,Cute,2,B,114.0,0.5894
Marina,문리나,113,0.9804,Octopus,Female,Normal,Music,Cute,Cute,2,B,41.0,0.6974
Marshal,쭈니,3,0.1548,Squirrel,Male,Smug,Music,Elegant,Cool,2,A,1.0,0.8373
Mathilda,안젤라,273,0.3676,Kangaroo,Female,Snooty,Fitness,Cool,Gorgeous,2,B,301.0,0.3792
Megan,캔디,78,0.1961,Bear,Female,Normal,Nature,Cute,Simple,2,A,68.0,0.62
Melba,아델레이드,171,0.2941,Koala,Female,Normal,Education,Cute,Cute,2,B,31.0,0.653
Merengue,스트로베리,79,0.4202,Rhino,Female,Normal,Nature,Cute,Simple,2,A,46.0,0.6718
Merry,유네찌,122,0.1279,Cat,Female,Peppy,Fashion,Cute,Cute,3,B,43.0,0.6691
Midge,핑글이,190,0.2101,Bird,Female,Normal,Education,Cute,Simple,2,B,80.0,0.6219
Mint,민트,137,0.1548,Squirrel,Female,Snooty,Fashion,Gorgeous,Cute,2,B,110.0,0.5701
Mira,미랑,94,0.1337,Rabbit,Female,Big Sister,Fitness,Active,Cool,3,A,182.0,0.4285
Miranda,미란다,268,0.173,Duck,Female,Snooty,Fashion,Elegant,Gorgeous,2,B,287.0,0.4857
Mitzi,마르,126,0.1279,Cat,Female,Normal,Education,Simple,Simple,2,B,121.0,0.5729
Moe,진상,242,0.1279,Cat,Male,Lazy,Play,Active,Simple,2,B,279.0,0.3611
Molly,귀오미,36,0.173,Duck,Female,Normal,Nature,Cute,Simple,2,A,5.0,0.7952
Monique,제인,263,0.1279,Cat,Female,Snooty,Fashion,Gorgeous,Elegant,2,B,338.0,0.3234
Monty,몽티,364,0.3268,Monkey,Male,Cranky,Education,Cool,Cool,1,B,307.0,0.3505
Moose,핑,401,0.1838,Mouse,Male,Jock,Fitness,Cool,Gorgeous,3,B,347.0,0.3396
Mott,릭,405,0.4202,Lion,Male,Jock,Fitness,Active,Elegant,3,B,274.0,0.1834
Muffy,프릴,93,0.2101,Sheep,Female,Big Sister,Music,Gorgeous,Elegant,3,A,310.0,0.3074
Murphy,머피,92,0.173,Cub,Male,Cranky,Education,Simple,Cool,2,A,50.0,0.65
Nan,순이,320,0.3676,Goat,Female,Normal,Nature,Simple,Elegant,2,B,206.0,0.4049
Nana,키키,250,0.3268,Monkey,Female,Normal,Education,Cute,Cute,2,B,100.0,0.527
Naomi,화자,385,0.2941,Cow,Female,Snooty,Fashion,Elegant,Gorgeous,1,A,334.0,0.1752
Nate,박하스,206,0.1961,Bear,Male,Lazy,Play,Simple,Simple,2,B,261.0,0.3315
Nibbles,그리미,230,0.1548,Squirrel,Female,Peppy,Fashion,Cute,Active,3,B,370.0,0.4077
Norma,미자,374,0.2941,Cow,Female,Normal,Nature,Cute,Simple,2,A,208.0,0.3958
O'Hare,산토스,158,0.1337,Rabbit,Male,Smug,Nature,Active,Cool,3,B,168.0,0.5349
Octavian,문복,328,0.9804,Octopus,Male,Cranky,Play,Cool,Simple,1,B,95.0,0.5907
Olaf,안토니오,295,0.3676,Anteater,Male,Smug,Education,Elegant,Gorgeous,2,A,356.0,0.298
Olive,올리브,185,0.173,Cub,Female,Normal,Nature,Simple,Simple,2,A,101.0,0.6125
Olivia,올리비아,64,0.1279,Cat,Female,Snooty,Music,Cool,Elegant,2,B,90.0,0.5647
Opal,오팔,264,0.2451,Elephant,Female,Snooty,Fashion,Elegant,Cool,2,B,288.0,0.4851
Ozzie,동동이,347,0.2941,Koala,Male,Lazy,Play,Simple,Cute,2,B,228.0,0.408
Pancetti,브리트니,257,0.1961,Pig,Female,Snooty,Music,Cute,Gorgeous,1,A,351.0,0.3236
Pango,패트라,394,0.3676,Anteater,Female,Peppy,Fashion,Elegant,Cool,3,B,354.0,0.3054
Paolo,파올로,211,0.2451,Elephant,Male,Lazy,Nature,Simple,Elegant,2,A,340.0,0.4672
Papi,마사마,203,0.1961,Horse,Male,Lazy,Nature,Simple,Simple,2,A,243.0,0.4672
Pashmina,바바라,168,0.3676,Goat,Female,Big Sister,Music,Cool,Elegant,3,A,225.0,0.4364
Pate,나키,134,0.173,Duck,Female,Peppy,Fashion,Simple,Cute,3,B,86.0,0.6051
Patty,밀크,354,0.2941,Cow,Female,Peppy,Fashion,Simple,Cute,3,B,308.0,0.3493
Paula,레이첼,279,0.1961,Bear,Female,Big Sister,Fitness,Cute,Active,2,B,376.0,0.2953
Peaches,말자,347,0.1961,Horse,Female,Normal,Education,Cute,Simple,2,B,323.0,0.3343
Peanut,핑키,121,0.1548,Squirrel,Female,Peppy,Fashion,Cute,Cute,3,B,72.0,0.6055
Pecan,레베카,159,0.1548,Squirrel,Female,Snooty,Fashion,Elegant,Gorgeous,2,B,118.0,0.5779
Peck,문대,163,0.2101,Bird,Male,Jock,Play,Simple,Active,3,A,193.0,0.5113
Peewee,덤벨,311,0.2941,Gorilla,Male,Cranky,Fitness,Active,Cool,1,B,216.0,0.2666
Peggy,체리,253,0.1961,Pig,Female,Peppy,Fashion,Cute,Active,3,B,222.0,0.4451
Pekoe,재스민,55,0.173,Cub,Female,Normal,Nature,Elegant,Cute,2,B,63.0,0.6209
Penelope,찍순이,236,0.1838,Mouse,Female,Peppy,Fashion,Cute,Gorgeous,3,A,220.0,0.4736
Phil,케인,349,0.2674,Ostrich,Male,Smug,Music,Elegant,Cool,2,A,259.0,0.3454
Phoebe,휘니,139,0.2674,Ostrich,Female,Big Sister,Fitness,Gorgeous,Cool,3,A,179.0,0.4703
Pierce,세바스찬,216,0.2941,Eagle,Male,Jock,Fitness,Elegant,Active,3,B,297.0,0.4158
Pietro,피엘,177,0.2101,Sheep,Male,Smug,Music,Gorgeous,Simple,2,A,158.0,0.3783
Pinky,링링,289,0.1961,Bear,Female,Peppy,Fashion,Cute,Simple,3,B,289.0,0.465
Piper,파이프,165,0.2101,Bird,Female,Peppy,Play,Elegant,Gorgeous,3,A,111.0,0.6156
Pippy,로타,316,0.1337,Rabbit,Female,Peppy,Fashion,Cute,Simple,3,B,371.0,0.4067
Plucky,파타야,174,0.3268,Chicken,Female,Big Sister,Play,Cool,Simple,3,A,231.0,0.3573
Pompom,주디,112,0.173,Duck,Female,Peppy,Music,Cute,Simple,3,B,153.0,0.5428
Poncho,봉추,67,0.173,Cub,Male,Jock,Fitness,Simple,Simple,3,B,127.0,0.5738
Poppy,다람,51,0.1548,Squirrel,Female,Normal,Education,Cute,Elegant,2,B,9.0,0.7574
Portia,블랜더,267,0.173,Dog,Female,Snooty,Fashion,Elegant,Gorgeous,2,B,318.0,0.4133
Prince,카일,243,0.1634,Frog,Male,Lazy,Play,Simple,Active,2,B,159.0,0.3719
Puck,하키,281,0.2101,Penguin,Male,Lazy,Fitness,Active,Simple,2,B,250.0,0.4249
Puddles,가위,321,0.1634,Frog,Female,Peppy,Fashion,Cute,Gorgeous,3,B,246.0,0.4293
Pudge,우띠,198,0.173,Cub,Male,Lazy,Play,Simple,Simple,2,B,223.0,0.4412
Punchy,빙티,32,0.1279,Cat,Male,Lazy,Play,Simple,Simple,2,B,26.0,0.6966
Purrl,타마,127,0.1279,Cat,Female,Snooty,Fashion,Cool,Elegant,2,B,104.0,0.5448
Queenie,택주,245,0.2674,Ostrich,Female,Snooty,Fashion,Gorgeous,Elegant,2,B,140.0,0.5464
Quillson,덕근,291,0.173,Duck,Male,Smug,Music,Elegant,Cool,2,A,337.0,0.3352
Raddle,개군,236,0.1634,Frog,Male,Lazy,Nature,Elegant,Simple,2,A,280.0,0.3607
Rasher,글레이,340,0.1961,Pig,Male,Cranky,Music,Cool,Simple,1,B,333.0,0.1826
Raymond,잭슨,4,0.1279,Cat,Male,Smug,Nature,Elegant,Cool,3,B,3.0,0.8129
Renée,뿔님이,310,0.4202,Rhino,Female,Big Sister,Music,Cool,Active,3,A,281.0,0.3221
Reneigh,리아나,90,0.1961,Horse,Female,Big Sister,Play,Cool,Gorgeous,3,A,194.0,0.4206
Rex,렉스,358,0.4202,Lion,Male,Lazy,Nature,Simple,Cute,2,A,379.0,0.2797
Rhonda,론다,399,0.4202,Rhino,Female,Normal,Music,Elegant,Gorgeous,2,B,350.0,0.324
Ribbot,철컥,189,0.1634,Frog,Male,Jock,Fitness,Simple,Active,3,B,172.0,0.3749
Ricky,갈가리,259,0.1548,Squirrel,Male,Cranky,Education,Cool,Simple,1,B,254.0,0.3943
Rizzo,조르쥐,324,0.1838,Mouse,Male,Cranky,Education,Simple,Cool,1,B,381.0,0.2666
Roald,펭수,88,0.2101,Penguin,Male,Jock,Fitness,Active,Simple,3,B,62.0,0.6089
Robin,파틱,330,0.2101,Bird,Female,Snooty,Fashion,Elegant,Cool,2,B,284.0,0.5084
Rocco,곤잘레스,389,0.4202,Hippo,Male,Cranky,Education,Simple,Cool,1,B,273.0,0.2135
Rocket,4호,199,0.2941,Gorilla,Female,Big Sister,Fitness,Active,Cool,2,B,190.0,0.2897
Rod,쟝,87,0.1838,Mouse,Male,Jock,Fitness,Active,Cool,3,B,49.0,0.6277
Rodeo,로데오,338,0.2941,Cow,Male,Lazy,Fitness,Simple,Cool,2,B,242.0,0.1808
Rodney,지미,278,0.3268,Hamster,Male,Smug,Music,Gorgeous,Cool,2,A,239.0,0.262
Rolf,호랭이,150,0.4202,Tiger,Male,Cranky,Fitness,Cool,Active,1,B,251.0,0.4117
Rooney,마이크,388,0.3676,Kangaroo,Male,Cranky,Fitness,Active,Active,2,A,377.0,0.2947
Rory,아더,364,0.4202,Lion,Male,Jock,Music,Simple,Active,3,A,366.0,0.1861
Roscoe,슈베르트,123,0.1961,Horse,Male,Cranky,Music,Cool,Gorgeous,1,B,210.0,0.3472
Rosie,부케,33,0.1279,Cat,Female,Peppy,Music,Cute,Cute,3,A,10.0,0.7585
Rowan,고메스,289,0.4202,Tiger,Male,Jock,Fitness,Active,Simple,3,B,327.0,0.2709
Ruby,루나,53,0.1337,Rabbit,Female,Peppy,Nature,Cute,Active,3,B,54.0,0.644
Rudy,찰스,38,0.1279,Cat,Male,Jock,Play,Active,Simple,3,A,99.0,0.5885
Sally,라라미,231,0.1548,Squirrel,Female,Normal,Music,Simple,Elegant,2,B,191.0,0.5751
Samson,피스,323,0.1838,Mouse,Male,Jock,Fitness,Simple,Active,3,B,200.0,0.4665
Sandy,샌디,327,0.2674,Ostrich,Female,Normal,Nature,Simple,Cool,2,A,286.0,0.4875
Savannah,사반나,286,0.1961,Horse,Female,Normal,Music,Cool,Simple,2,B,319.0,0.4037
Scoot,지키미,58,0.173,Duck,Male,Jock,Fitness,Active,Simple,3,B,15.0,0.713
Shari,젤리,72,0.3268,Monkey,Female,Big Sister,Music,Cute,Active,3,A,88.0,0.5703
Sheldon,크리스,207,0.1548,Squirrel,Male,Jock,Play,Active,Cool,3,A,92.0,0.5536
Shep,밥,167,0.173,Dog,Male,Smug,Education,Simple,Cool,2,A,96.0,0.4971
Sherb,래미,97,0.3676,Goat,Male,Lazy,Nature,Simple,Cute,2,A,60.0,0.6174
Simon,시몬,393,0.3268,Monkey,Male,Lazy,Play,Simple,Active,2,B,324.0,0.3253
Skye,릴리,46,0.2674,Wolf,Female,Normal,Music,Cute,Cute,2,A,55.0,0.6453
Sly,하이드,262,0.3676,Alligator,Male,Jock,Play,Cool,Simple,3,A,267.0,0.2805
Snake,닌토,82,0.1337,Rabbit,Male,Jock,Fitness,Active,Simple,3,B,83.0,0.5503
Snooty,스누티,381,0.3676,Anteater,Female,Snooty,Education,Simple,Simple,1,A,373.0,0.3225
Soleil,샨티,161,0.3268,Hamster,Female,Snooty,Education,Cool,Gorgeous,1,A,81.0,0.539
Sparro,춘섭,287,0.2101,Bird,Male,Jock,Play,Active,Simple,3,A,295.0,0.4234
Spike,스쿼트,336,0.4202,Rhino,Male,Cranky,Nature,Cool,Gorgeous,2,A,240.0,0.2464
Spork,포크,402,0.1961,Pig,Male,Lazy,Play,Simple,Active,2,B,233.0,0.3398
Sprinkle,크리미,135,0.2101,Penguin,Female,Peppy,Play,Cute,Elegant,3,A,139.0,0.5768
Sprocket,헤르츠,315,0.2674,Ostrich,Male,Jock,Music,Simple,Active,3,A,184.0,0.321
Static,스파크,107,0.1548,Squirrel,Male,Cranky,Music,Cool,Active,1,B,123.0,0.566
Stella,아크릴,175,0.2101,Sheep,Female,Normal,Nature,Simple,Simple,2,A,102.0,0.5618
Sterling,은수리,204,0.2941,Eagle,Male,Jock,Fitness,Simple,Elegant,3,B,156.0,0.3939
Stinky,땀띠,305,0.1279,Cat,Male,Jock,Fitness,Active,Simple,3,B,253.0,0.401
Stitches,패치,11,0.173,Cub,Male,Lazy,Play,Simple,Cute,2,B,12.0,0.7273
Stu,모리스,398,0.2941,Cow,Male,Lazy,Nature,Simple,Simple,2,A,365.0,0.1898
Sydney,시드니,331,0.2941,Koala,Female,Normal,Music,Cute,Simple,2,B,291.0,0.4556
Sylvana,실바나,124,0.1548,Squirrel,Female,Normal,Nature,Cute,Simple,2,A,56.0,0.6519
Sylvia,실비아,362,0.3676,Kangaroo,Female,Big Sister,Music,Simple,Gorgeous,2,B,235.0,0.2967
T-Bone,티본,377,0.2941,Cow,Male,Cranky,Education,Cool,Simple,1,B,387.0,0.2233
Tabby,호냥이,358,0.1279,Cat,Female,Peppy,Music,Active,Cool,3,B,315.0,0.2776
Tad,텀보,252,0.1634,Frog,Male,Jock,Play,Active,Simple,3,A,169.0,0.5026
Tammi,에이프릴,400,0.3268,Monkey,Female,Peppy,Fashion,Cute,Active,3,B,363.0,0.2361
Tammy,아네사,61,0.173,Cub,Female,Big Sister,Play,Cool,Active,3,A,130.0,0.4591
Tangy,백프로,155,0.1279,Cat,Female,Peppy,Music,Simple,Cute,3,B,164.0,0.4226
Tank,탱크,349,0.4202,Rhino,Male,Jock,Fitness,Active,Simple,3,B,343.0,0.4069
Tasha,나타샤,157,0.1548,Squirrel,Female,Snooty,Fitness,Elegant,Gorgeous,1,A,134.0,0.5502
Teddy,병태,63,0.1961,Bear,Male,Jock,Fitness,Simple,Simple,3,B,51.0,0.617
Tex,볼트,260,0.2101,Penguin,Male,Smug,Music,Cool,Elegant,2,A,302.0,0.3773
Tia,티나,98,0.2451,Elephant,Female,Normal,Nature,Cute,Elegant,2,A,67.0,0.6375
Tiffany,바슬레,246,0.1337,Rabbit,Female,Snooty,Fashion,Gorgeous,Cool,2,B,205.0,0.4077
Timbra,잔디,305,0.2101,Sheep,Female,Snooty,Education,Elegant,Gorgeous,1,A,345.0,0.3977
Tipper,마틸다,379,0.2941,Cow,Female,Snooty,Fashion,Gorgeous,Cute,2,B,278.0,0.3615
Tom,밴덤,138,0.1279,Cat,Male,Cranky,Education,Cool,Simple,1,B,150.0,0.5538
Truffles,탱고,287,0.1961,Pig,Female,Peppy,Fashion,Cute,Gorgeous,3,B,181.0,0.4302
Tucker,맘모,324,0.2451,Elephant,Male,Lazy,Nature,Active,Simple,2,A,330.0,0.253
Tutu,연유,144,0.1961,Bear,Female,Peppy,Fashion,Cute,Simple,3,B,128.0,0.5685
Twiggy,핀틱,160,0.2101,Bird,Female,Peppy,Fashion,Simple,Cute,3,B,74.0,0.6179
Tybalt,티볼트,205,0.4202,Tiger,Male,Jock,Play,Active,Simple,3,A,207.0,0.4012
Ursala,네이아,125,0.1961,Bear,Female,Big Sister,Music,Simple,Cute,3,A,342.0,0.4267
Velma,벨마,405,0.3676,Goat,Female,Snooty,Education,Elegant,Gorgeous,2,B,388.0,0.204
Vesta,메리어스,213,0.2101,Sheep,Female,Normal,Fashion,Simple,Cute,2,B,187.0,0.4676
Vic,노르망,405,0.2941,Cow,Male,Cranky,Fitness,Cool,Active,2,A,390.0,0.1773
Victoria,센트엘로,361,0.1961,Horse,Female,Peppy,Fitness,Active,Simple,3,B,349.0,0.3336
Violet,줌마,270,0.2941,Gorilla,Female,Snooty,Fitness,Gorgeous,Cool,2,B,272.0,0.2267
Vivian,바네사,111,0.2674,Wolf,Female,Snooty,Education,Gorgeous,Elegant,1,A,70.0,0.6072
Vladimir,곰비,186,0.173,Cub,Male,Cranky,Play,Simple,Cool,1,B,201.0,0.4584
Wade,호떡,106,0.2101,Penguin,Male,Lazy,Nature,Simple,Gorgeous,2,A,36.0,0.6409
Walker,벤,80,0.173,Dog,Male,Lazy,Play,Simple,Simple,2,B,97.0,0.5713
Walt,관록,266,0.3676,Kangaroo,Male,Cranky,Fitness,Cool,Cool,2,A,256.0,0.3696
Wart Jr.,샘,382,0.1634,Frog,Male,Cranky,Education,Simple,Simple,1,B,364.0,0.2236
Weber,아잠만,96,0.173,Duck,Male,Lazy,Nature,Cool,Simple,2,A,34.0,0.663
Wendy,눈송이,172,0.2101,Sheep,Female,Peppy,Fashion,Cool,Gorgeous,3,B,163.0,0.4583
Whitney,비앙카,13,0.2674,Wolf,Female,Snooty,Fashion,Elegant,Cool,2,B,16.0,0.7277
Willow,마리,77,0.2101,Sheep,Female,Snooty,Fashion,Cute,Gorgeous,2,B,106.0,0.5457
Winnie,카로틴,392,0.1961,Horse,Female,Peppy,Fashion,Cool,Simple,3,B,321.0,0.4031
Wolfgang,로보,42,0.2674,Wolf,Male,Cranky,Education,Cool,Active,1,B,107.0,0.5667
Yuka,유카리,298,0.2941,Koala,Female,Snooty,Fashion,Cool,Elegant,2,B,122.0,0.4949
Zell,넬슨,130,0.2451,Deer,Male,Smug,Music,Cool,Gorgeous,2,A,293.0,0.4465
Zucker,탁호,66,0.9804,Octopus,Male,Lazy,Nature,Simple,Cute,2,A,13.0,0.7239
Sasha,미첼,1,0.1337,Rabbit,Male,Lazy,Fashion,Simple,Simple,2,B,1.0,0.7239
